Participant ID||OQ: Question 1 of Page 1||OQ: Question 2 of Page 1||MC: Question 3 of Page 1||MC: Question 1 of Page 2||OQ: Question 2 of Page 2||OQ: Question 3 of Page 2
3||Test 1||Test 2||A3 of MC 3, A1 of MC 3||B3 of SC||sadfds||sdfsdf
4||||||||||||
5||Rest||asdfasdf||A4 of MC 3, A1 of MC 3, A3 of MC 3||B2 of SC||sfasdf||asdfasdf
6||||||||||||
7||asdfasdf||asdfasdfas||A1 of MC 3, A2 of MC 3||B3 of SC||asdfasdf||sdfsdfs
8||||asdfasdfasdf||A3 of MC 3, A2 of MC 3||B3 of SC||asdfasdf||
9||sdfasdfasdf||||A2 of MC 3, A4 of MC 3||B3 of SC||||asdfasdfasdf
10||asdfsdf||asdfasdfasdf||A2 of MC 3||B3 of SC||||
11||||||||||||
12||||||||||||
13||||||||||||
14||||||||||||
15||asdfsadf||sadfasf||A3 of MC 3||||||
16||||||||||||
17||||||||||||
18||||||||||||
19||||||||||||
20||||||||||||
21||||||||||||
22||||||||||||
23||asdfasd||asdfasdf||A3 of MC 3, A2 of MC 3||B3 of SC||||asdfasd
24||asdfasdf||||A2 of MC 3, A3 of MC 3||B2 of SC||||asdfadsf
27||||||||||||
